RNAcentral:URS00002F4D78_9606,URS00002F4D78_9606
RNAcentral:URS000024463E_9606,URS000024463E_9606
RNAcentral:URS0000272A3D_9606,URS0000272A3D_9606
RNAcentral:URS00002075FA_9606,URS00002075FA_9606
RNAcentral:URS000075C8FA_9606,URS000075C8FA_9606
UniProtKB:Q9BSH4,TACO1
UniProtKB:O15091,KIAA0391
UniProtKB:Q9BSF4,TIMM29
UniProtKB:Q96Q11,TRNT1
UniProtKB:Q9BSE5,AGMAT
UniProtKB:O15079,SNPH
UniProtKB:Q96PN6,ADCY10
UniProtKB:Q9NV92,NDFIP2
UniProtKB:Q5T2R2,PDSS1
UniProtKB:Q5T2N8,ATAD3C
UniProtKB:Q9NUQ2,AGPAT5
UniProtKB:Q96PE7,MCEE
UniProtKB:Q96PD7,DGAT2
UniProtKB:Q32P41,TRMT5
UniProtKB:P12532,CKMT1A
UniProtKB:Q96MF6,COQ10A
UniProtKB:Q9NS18,GLRX2
UniProtKB:Q9NRP4,SDHAF3
UniProtKB:Q9NRP2,CMC2
UniProtKB:P20132,SDS
UniProtKB:P54687,BCAT1
UniProtKB:P27348,YWHAQ
UniProtKB:Q330K2,NDUFAF6
UniProtKB:Q9NRK6,ABCB10
UniProtKB:O60397,COX7A2P2
UniProtKB:P29475,NOS1
UniProtKB:Q9P013,CWC15
UniProtKB:Q6P1Q0,LETMD1
UniProtKB:P49914,MTHFS
UniProtKB:P49901,SMCP
UniProtKB:Q96LW4,PRIMPOL
UniProtKB:Q96LU5,IMMP1L
UniProtKB:Q9NRZ5,AGPAT4
UniProtKB:P0DPI2,GATD3A
UniProtKB:Q14249,ENDOG
UniProtKB:Q9NQZ5,STARD7
UniProtKB:Q9H649,NSUN3
UniProtKB:Q9H5Q4,TFB2M
UniProtKB:Q9H611,PIF1
UniProtKB:Q9NR30,DDX21
UniProtKB:Q9NR28,DIABLO
UniProtKB:Q9NR19,ACSS2
UniProtKB:Q9NQP4,PFDN4
UniProtKB:Q9UNQ0,ABCG2
UniProtKB:Q96LC9,BMF
UniProtKB:P22695,UQCRC2
UniProtKB:O43181,NDUFS4
UniProtKB:Q9NQH7,XPNPEP3
UniProtKB:P0DP23,CALM1
UniProtKB:Q9NQG6,MIEF1
UniProtKB:Q9H9J2,MRPL44
UniProtKB:Q9NUL7,DDX28
UniProtKB:Q9NUJ1,ABHD10
UniProtKB:Q08209,PPP3CA
UniProtKB:Q9BRQ6,CHCHD6
UniProtKB:A3KMH1,VWA8
UniProtKB:H3BRW5,H3BRW5
UniProtKB:Q9BRJ2,MRPL45
UniProtKB:P02511,CRYAB
UniProtKB:Q9H8Y5,ANKZF1
UniProtKB:P09211,GSTP1
UniProtKB:O95139,NDUFB6
UniProtKB:Q9H974,QTRT2
UniProtKB:Q9H936,SLC25A22
UniProtKB:Q6GPH4,XAF1
UniProtKB:Q01484,ANK2
UniProtKB:Q9H903,MTHFD2L
UniProtKB:Q9H902,REEP1
UniProtKB:P19438,TNFRSF1A
UniProtKB:Q9H8M1,COQ10B
UniProtKB:Q5T1J5,CHCHD2P9
UniProtKB:P54886,ALDH18A1
UniProtKB:P54868,HMGCS2
UniProtKB:P19404,NDUFV2
UniProtKB:Q9UQM7,CAMK2A
UniProtKB:Q9BQT8,SLC25A21
UniProtKB:Q969V5,MUL1
UniProtKB:Q5T1C6,THEM4
UniProtKB:P54819,AK2
UniProtKB:Q14CZ7,FASTKD3
UniProtKB:Q9NTG7,SIRT3
UniProtKB:A6XGL0,YJEFN3
UniProtKB:Q9BQP7,MGME1
UniProtKB:O60543,CIDEA
UniProtKB:Q9H7Z7,PTGES2
UniProtKB:Q13454,TUSC3
UniProtKB:Q9P0J1,PDP1
UniProtKB:Q13423,NNT
UniProtKB:Q6PK57,DNM1P34
UniProtKB:Q53R41,FASTKD1
UniProtKB:Q13405,MRPL49
UniProtKB:Q6IMN6,CAPRIN2
UniProtKB:Q9NZJ6,COQ3
UniProtKB:Q9NZJ4,SACS
UniProtKB:P34932,HSPA4
UniProtKB:Q6ZV29,PNPLA7
UniProtKB:Q9P0S2,COX16
UniProtKB:Q9NZE8,MRPL35
UniProtKB:Q9NZC7,WWOX
UniProtKB:Q9BWM7,SFXN3
UniProtKB:Q9P0W8,SPATA7
UniProtKB:P09769,FGR
UniProtKB:Q9H2W6,MRPL46
UniProtKB:Q70HW3,SLC25A26
UniProtKB:Q9BWH2,FUNDC2
UniProtKB:P61221,ABCE1
UniProtKB:O15498,YKT6
UniProtKB:P56556,NDUFA6
UniProtKB:Q9NYZ2,SLC25A37
UniProtKB:Q9NYY8,FASTKD2
UniProtKB:Q9BWD1,ACAT2
UniProtKB:O14874,BCKDK
UniProtKB:A8MUP2,CSKMT
UniProtKB:O15446,CD3EAP
UniProtKB:P04181,OAT
UniProtKB:P04179,SOD2
UniProtKB:O15417,TNRC18
UniProtKB:Q9NZ45,CISD1
UniProtKB:P04150,NR3C1
UniProtKB:Q6PIV7,SLC25A34
UniProtKB:Q13323,BIK
UniProtKB:Q96TC7,RMDN3
UniProtKB:Q53S33,BOLA3
UniProtKB:Q9BVV7,TIMM21
UniProtKB:Q9NYK5,MRPL39
UniProtKB:Q92667,AKAP1
UniProtKB:Q92665,MRPS31
UniProtKB:Q9HCN4,GPN1
UniProtKB:Q9HCN2,TP53AIP1
UniProtKB:Q86WW8,COA5
UniProtKB:Q9HCM9,TRIM39
UniProtKB:Q709F0,ACAD11
UniProtKB:P51572,BCAP31
UniProtKB:Q86X67,NUDT13
UniProtKB:Q86WU2,LDHD
UniProtKB:Q8TD30,GPT2
UniProtKB:P51553,IDH3G
UniProtKB:Q709C8,VPS13C
UniProtKB:Q8TD22,SFXN5
UniProtKB:Q8IWL3,HSCB
UniProtKB:P51530,DNA2
UniProtKB:Q8N1Q8,THEM5
UniProtKB:P31040,SDHA
UniProtKB:Q9HCE7,SMURF1
UniProtKB:Q15070,OXA1L
UniProtKB:Q8NI37,PPTC7
UniProtKB:P14927,UQCRB
UniProtKB:P14920,DAO
UniProtKB:Q8IWA4,MFN1
UniProtKB:P61764,STXBP1
UniProtKB:Q86WG3,ATCAY
UniProtKB:Q15046,KARS
UniProtKB:Q15031,LARS2
UniProtKB:Q8TCC3,MRPL30
UniProtKB:O00198,HRK
UniProtKB:Q6Q0C1,SLC25A47
UniProtKB:P41250,GARS
UniProtKB:P41247,PNPLA4
UniProtKB:P0CG47,UBB
UniProtKB:O00167,EYA2
UniProtKB:O00165,HAX1
UniProtKB:P41220,RGS2
UniProtKB:O00154,ACOT7
UniProtKB:P36551,CPOX
UniProtKB:O00144,FZD9
UniProtKB:O00142,TK2
UniProtKB:O00141,SGK1
UniProtKB:P36542,ATP5F1C
UniProtKB:P09543,CNP
UniProtKB:P56385,ATP5ME
UniProtKB:P56381,ATP5F1E
UniProtKB:P56378,MP68
UniProtKB:Q96RR1,TWNK
UniProtKB:Q9GZY8,MFF
UniProtKB:Q69YI7,NAIF1
UniProtKB:Q9GZY4,COA1
UniProtKB:Q96RQ3,MCCC1
UniProtKB:O15294,OGT
UniProtKB:Q96RP9,GFM1
UniProtKB:O15287,FANCG
UniProtKB:Q5ST30,VARS2
UniProtKB:Q9GZT8,NIF3L1
UniProtKB:Q9GZT3,SLIRP
UniProtKB:Q9BUB7,TMEM70
UniProtKB:Q9BUA6,MYL10
UniProtKB:O15239,NDUFA1
UniProtKB:O15235,MRPS12
UniProtKB:Q9NWU5,MRPL22
UniProtKB:Q9NWU1,OXSM
UniProtKB:O15228,GNPAT
UniProtKB:Q9GZQ8,MAP1LC3B
UniProtKB:Q9NX47,5-Mar
UniProtKB:Q9NWR8,MCUB
UniProtKB:Q9NX20,MRPL16
UniProtKB:Q9BTZ2,DHRS4
UniProtKB:Q9H4A6,GOLPH3
UniProtKB:E0CX11,STMP1
UniProtKB:Q13114,TRAF3
UniProtKB:Q96JZ2,HSH2D
UniProtKB:Q6ZS86,GK5
UniProtKB:Q9NPE2,NGRN
UniProtKB:Q9BTU6,PI4K2A
UniProtKB:Q9BU61,NDUFAF3
UniProtKB:P55916,UCP3
UniProtKB:Q9Y3B8,REXO2
UniProtKB:P55957,BID
UniProtKB:Q9NWB6,ARGLU1
UniProtKB:P26196,DDX6
UniProtKB:Q9HAC7,SUGCT
UniProtKB:P58004,SESN2
UniProtKB:Q8IUC6,TICAM1
UniProtKB:P14735,IDE
UniProtKB:Q8TAE8,GADD45GIP1
UniProtKB:Q86UD5,SLC9B2
UniProtKB:Q8TAA5,GRPEL2
UniProtKB:Q86UB9,TMEM135
UniProtKB:Q9BZE1,MRPL37
UniProtKB:O60260,PRKN
UniProtKB:A0A087X1C5,CYP2D7
UniProtKB:Q6NUN0,ACSM5
UniProtKB:Q6NUK1,SLC25A24
UniProtKB:P18858,LIG1
UniProtKB:P18859,ATP5PF
UniProtKB:Q13686,ALKBH1
UniProtKB:Q5SXM8,DNLZ
UniProtKB:Q6NUI2,GPAT2
UniProtKB:Q86U90,YRDC
UniProtKB:Q9BYZ2,LDHAL6B
UniProtKB:Q13637,RAB32
UniProtKB:Q6SZW1,SARM1
UniProtKB:P83111,LACTB
UniProtKB:Q13625,TP53BP2
UniProtKB:Q86TS9,MRPL52
UniProtKB:A1L188,NDUFAF8
UniProtKB:Q9BYV1,AGXT2
UniProtKB:Q86U28,ISCA2
UniProtKB:Q9BYT8,NLN
UniProtKB:Q5T9A4,ATAD3B
UniProtKB:Q86TL0,ATG4D
UniProtKB:Q03393,PTS
UniProtKB:P33316,DUT
UniProtKB:Q9H4B0,OSGEPL1
UniProtKB:Q96JX3,SERAC1
UniProtKB:O75131,CPNE3
UniProtKB:O75947,ATP5PD
UniProtKB:Q9NPB1,NT5M
UniProtKB:O75936,BBOX1
UniProtKB:Q9NPA8,ENY2
UniProtKB:Q9H3Z4,DNAJC5
UniProtKB:P0C869,PLA2G4B
UniProtKB:P59942,MCCD1
UniProtKB:A0A1B0GUH1,A0A1B0GUH1
UniProtKB:P0C7Q2,ARMS2
UniProtKB:P0C7P4,UQCRFS1P1
UniProtKB:Q6IC98,GRAMD4
UniProtKB:P0C7M7,ACSM4
UniProtKB:Q16798,ME3
UniProtKB:Q16795,NDUFA9
UniProtKB:Q9H3P7,ACBD3
UniProtKB:P12236,SLC25A6
UniProtKB:P12235,SLC25A4
UniProtKB:Q16775,HAGH
UniProtKB:Q16773,KYAT1
UniProtKB:Q16762,TST
UniProtKB:Q3ZCQ8,TIMM50
UniProtKB:Q9H3M7,TXNIP
UniProtKB:Q9H3L0,MMADHC
UniProtKB:Q16740,CLPP
UniProtKB:B7ZC32,KIF28P
UniProtKB:Q9H3K2,GHITM
UniProtKB:P0DMV8,HSPA1A
UniProtKB:Q9ULP0,NDRG4
UniProtKB:Q16719,KYNU
UniProtKB:Q16718,NDUFA5
UniProtKB:Q9H3H1,TRIT1
UniProtKB:P49675,STAR
UniProtKB:P49662,CASP4
UniProtKB:P40926,MDH2
UniProtKB:O75896,TUSC2
UniProtKB:O75880,SCO1
UniProtKB:O75879,GATB
UniProtKB:O75208,COQ9
UniProtKB:O75874,IDH1
UniProtKB:Q96IX5,ATP5MD
UniProtKB:Q9ULD2,MTUS1
UniProtKB:Q9ULD0,OGDHL
UniProtKB:O60830,TIMM17B
UniProtKB:E9PQ53,NDUFC2-KCTD14
UniProtKB:P56277,CMC4
UniProtKB:Q9H4I9,SMDT1
UniProtKB:Q5T440,IBA57
UniProtKB:Q9NW81,DMAC2
UniProtKB:Q9NVV4,MTPAP
UniProtKB:Q96QK1,VPS35
UniProtKB:Q13084,MRPL28
UniProtKB:Q2VYF4,LETM2
UniProtKB:O15121,DEGS1
UniProtKB:P12931,SRC
UniProtKB:P24311,COX7B
UniProtKB:P24310,COX7A1
UniProtKB:Q13057,COASY
UniProtKB:Q01664,TFAP4
UniProtKB:P19634,SLC9A1
UniProtKB:Q96QE5,TEFM
UniProtKB:Q9BSY4,CHCHD5
UniProtKB:Q9BT92,TCHP
UniProtKB:Q13011,ECH1
UniProtKB:Q5SRD1,TIMM23B
UniProtKB:Q9NVI7,ATAD3A
UniProtKB:Q9NVH6,TMLHE
UniProtKB:Q9NVH1,DNAJC11
UniProtKB:Q9BT30,ALKBH7
UniProtKB:O60783,MRPS14
UniProtKB:Q9BT17,MTG1
UniProtKB:P14060,HSD3B1
UniProtKB:Q96Q83,ALKBH3
UniProtKB:O60733,PLA2G6
UniProtKB:Q9NVA1,UQCC1
UniProtKB:P29803,PDHA2
UniProtKB:P56181,NDUFV3
UniProtKB:Q06945,SOX4
UniProtKB:Q14061,COX17
UniProtKB:P12694,BCKDHA
UniProtKB:Q96NN9,AIFM3
UniProtKB:Q9BQC6,MRPL57
UniProtKB:Q9H845,ACAD9
UniProtKB:Q9UPV9,TRAK1
UniProtKB:P19367,HK1
UniProtKB:P07954,FH
UniProtKB:P07948,LYN
UniProtKB:Q96ND0,FAM210A
UniProtKB:P30837,ALDH1B1
UniProtKB:Q9BPX6,MICU1
UniProtKB:Q9NRD5,PICK1
UniProtKB:P54764,EPHA4
UniProtKB:Q9BPW8,NIPSNAP1
UniProtKB:Q96NB2,SFXN2
UniProtKB:P07900,HSP90AA1
UniProtKB:Q9BQ52,ELAC2
UniProtKB:Q12983,BNIP3
UniProtKB:Q9BQ48,MRPL34
UniProtKB:Q9H7D7,WDR26
UniProtKB:O60488,ACSL4
UniProtKB:P22830,FECH
UniProtKB:Q9NSE4,IARS2
UniProtKB:Q9NRI5,DISC1
UniProtKB:O60437,PPL
UniProtKB:O60427,FADS1
UniProtKB:Q14142,TRIM14
UniProtKB:Q14164,IKBKE
UniProtKB:Q6PCB7,SLC27A1
UniProtKB:Q96GF1,RNF185
UniProtKB:Q9HC38,GLOD4
UniProtKB:Q9HC36,MRM3
UniProtKB:Q9HC29,NOD2
UniProtKB:Q9HC21,SLC25A19
UniProtKB:O00116,AGPS
UniProtKB:Q8IVS8,GLYCTK
UniProtKB:Q8IW45,NAXD
UniProtKB:Q8IVS2,MCAT
UniProtKB:P36507,MAP2K2
UniProtKB:Q8TC76,FAM110B
UniProtKB:Q8TC71,SPATA18
UniProtKB:Q92558,WASF1
UniProtKB:Q92552,MRPS27
UniProtKB:P04637,TP53
UniProtKB:Q92542,NCSTN
UniProtKB:Q92538,GBF1
UniProtKB:Q92523,CPT1B
UniProtKB:Q13825,AUH
UniProtKB:Q99942,RNF5
UniProtKB:Q86W56,PARG
UniProtKB:Q8TBP6,SLC25A40
UniProtKB:Q9HBH1,PDF
UniProtKB:Q86VQ6,TXNRD3
UniProtKB:Q5SZD4,GLYATL3
UniProtKB:Q86VP3,PACS2
UniProtKB:Q8IVH4,MMAA
UniProtKB:Q8IVG9,MT-RNR2
UniProtKB:P14854,COX6B1
UniProtKB:Q8TBG4,ETNPPL
UniProtKB:Q86VD7,SLC25A42
UniProtKB:P56962,STX17
UniProtKB:Q8IUZ5,PHYKPL
UniProtKB:P61604,HSPE1
UniProtKB:Q6DKK2,TTC19
UniProtKB:Q9HAV7,GRPEL1
UniProtKB:Q8IUX1,TMEM126B
UniProtKB:Q92499,DDX1
UniProtKB:Q13794,PMAIP1
UniProtKB:Q9HAP2,MLXIP
UniProtKB:P36404,ARL2
UniProtKB:Q9HB07,C12orf10
UniProtKB:O14966,RAB29
UniProtKB:P35558,PCK1
UniProtKB:P35557,GCK
UniProtKB:O14949,UQCRQ
UniProtKB:Q5T160,RARS2
UniProtKB:Q12887,COX10
UniProtKB:O14925,TIMM23
UniProtKB:P15056,BRAF
UniProtKB:Q9UPW5,AGTPBP1
UniProtKB:Q6P087,RPUSD3
UniProtKB:Q12849,GRSF1
UniProtKB:Q9BYN8,MRPS26
UniProtKB:P50440,GATM
UniProtKB:U3KQK5,U3KQK5
UniProtKB:P50416,CPT1A
UniProtKB:Q9BZ23,PANK2
UniProtKB:P57105,SYNJ2BP
UniProtKB:P57103,SLC8A3
UniProtKB:Q969Z3,2-Mar
UniProtKB:Q969Z0,TBRG4
UniProtKB:Q9UQF2,MAPK8IP1
UniProtKB:Q969Y2,GTPBP3
UniProtKB:P13804,ETFA
UniProtKB:Q969S9,GFM2
UniProtKB:Q9NTK1,DEPP1
UniProtKB:Q969P6,TOP1MT
UniProtKB:P60602,ROMO1
UniProtKB:O14879,IFIT3
UniProtKB:O14862,AIM2
UniProtKB:Q969M1,TOMM40L
UniProtKB:Q969I3,GLYATL1
UniProtKB:Q12778,FOXO1
UniProtKB:A0A087WUM0,SYNJ2BP-COX16
UniProtKB:Q12772,SREBF2
UniProtKB:Q969H0,FBXW7
UniProtKB:Q969F0,FATE1
UniProtKB:P50336,PPOX
UniProtKB:Q6NVY1,HIBCH
UniProtKB:Q5TH74,STPG1
UniProtKB:G3V3G9,G3V3G9
UniProtKB:Q7Z3D6,DGLUCY
UniProtKB:P21980,TGM2
UniProtKB:Q13875,MOBP
UniProtKB:Q9Y2Q3,GSTK1
UniProtKB:P36776,LONP1
UniProtKB:P21953,BCKDHB
UniProtKB:Q6YP21,KYAT3
UniProtKB:O75362,ZNF217
UniProtKB:P21912,SDHB
UniProtKB:Q8N357,SLC35F6
UniProtKB:Q96BY2,MOAP1
UniProtKB:Q7Z2W9,MRPL21
UniProtKB:P08133,ANXA6
UniProtKB:Q05932,FPGS
UniProtKB:Q8IW03,SIAH3
UniProtKB:Q9Y399,MRPS2
UniProtKB:Q8IVP5,FUNDC1
UniProtKB:Q7L8L6,FASTKD5
UniProtKB:G3V325,ATP5J2-PTCD1
UniProtKB:Q8N2F6,ARMC10
UniProtKB:Q86WA6,BPHL
UniProtKB:Q5H9E4,SLC25A53
UniProtKB:Q8N2A8,PLD6
UniProtKB:P53778,MAPK12
UniProtKB:Q9HC96,CAPN10
UniProtKB:Q00325,SLC25A3
UniProtKB:P48201,ATP5MC3
UniProtKB:Q70CQ3,USP30
UniProtKB:Q96B49,TOMM6
UniProtKB:Q07021,C1QBP
UniProtKB:Q8TCG5,CPT1C
UniProtKB:P53701,HCCS
UniProtKB:Q7L7V1,DHX32
UniProtKB:Q96CB9,NSUN4
UniProtKB:P23443,RPS6KB1
UniProtKB:Q00796,SORD
UniProtKB:P23434,GCSH
UniProtKB:Q7Z6M4,MTERF4
UniProtKB:Q13505,MTX1
UniProtKB:Q9HD33,MRPL47
UniProtKB:P13196,ALAS1
UniProtKB:Q8N5Z0,AADAT
UniProtKB:Q494U1,PLEKHN1
UniProtKB:Q9P032,NDUFAF4
UniProtKB:Q8N5S1,SLC25A41
UniProtKB:Q9BY49,PECR
UniProtKB:P43897,TSFM
UniProtKB:P80404,ABAT
UniProtKB:Q8N5N7,MRPL50
UniProtKB:Q7KZN9,COX15
UniProtKB:Q8N5M1,ATPAF2
UniProtKB:P23396,RPS3
UniProtKB:P23378,GLDC
UniProtKB:P23368,ME2
UniProtKB:P55211,CASP9
UniProtKB:Q7KZI7,MARK2
UniProtKB:Q8N5G0,SMIM20
UniProtKB:Q9UBK2,PPARGC1A
UniProtKB:Q7Z5L4,SPATA19
UniProtKB:Q7Z5J4,RAI1
UniProtKB:P0CG48,UBC
UniProtKB:Q6L8Q7,PDE12
UniProtKB:O94811,TPPP
UniProtKB:A6NDV4,TMEM8B
UniProtKB:P13073,COX4I1
UniProtKB:P13051,UNG
UniProtKB:Q8N573,OXR1
UniProtKB:Q02221,COX6A2
UniProtKB:Q02218,OGDH
UniProtKB:Q8N9M5,TMEM102
UniProtKB:P23786,CPT2
UniProtKB:O14561,NDUFAB1
UniProtKB:Q9NX14,NDUFB11
UniProtKB:Q9NX18,SDHAF2
UniProtKB:P23763,VAMP1
UniProtKB:O14548,COX7A2L
UniProtKB:Q9NWS8,RMND1
UniProtKB:O14521,SDHD
UniProtKB:Q9NWT8,AURKAIP1
UniProtKB:Q8N9F0,NAT8L
UniProtKB:Q9NX63,CHCHD3
UniProtKB:Q9GZT6,CCDC90B
UniProtKB:Q9BUE6,ISCA1
UniProtKB:Q9UKN8,GTF3C4
UniProtKB:Q9BUK0,CHCHD7
UniProtKB:Q53T59,HS1BP3
UniProtKB:Q9BV35,SLC25A23
UniProtKB:Q9P2R7,SUCLA2
UniProtKB:Q8N945,PRELID2
UniProtKB:Q8N8R3,SLC25A29
UniProtKB:Q02156,PRKCE
UniProtKB:Q8N8Q8,COX18
UniProtKB:P56693,SOX10
UniProtKB:Q02127,DHODH
UniProtKB:Q9P2J9,PDP2
UniProtKB:Q13342,SP140
UniProtKB:P33897,ABCD1
UniProtKB:Q96T52,IMMP2L
UniProtKB:Q53S58,TMEM177
UniProtKB:Q9BVL4,SELENOO
UniProtKB:Q9P291,ARMCX1
UniProtKB:O95140,MFN2
UniProtKB:Q14397,GCKR
UniProtKB:P05181,CYP2E1
UniProtKB:Q9NZI6,TFCP2L1
UniProtKB:P05166,PCCB
UniProtKB:P05165,PCCA
UniProtKB:Q9NPF8,ADAP2
UniProtKB:F5H5P2,F5H5P2
UniProtKB:Q02978,SLC25A11
UniProtKB:Q7LG56,RRM2B
UniProtKB:Q9NZJ7,MTCH1
UniProtKB:P05141,SLC25A5
UniProtKB:Q9NPH5,NOX4
UniProtKB:P67775,PPP2CA
UniProtKB:Q9NPJ3,ACOT13
UniProtKB:P05108,CYP11A1
UniProtKB:P07919,UQCRH
UniProtKB:Q14318,FKBP8
UniProtKB:Q9NPL8,TIMMDC1
UniProtKB:P82675,MRPS5
UniProtKB:P82673,MRPS35
UniProtKB:P82664,MRPS10
UniProtKB:P82663,MRPS25
UniProtKB:P82650,MRPS22
UniProtKB:P15336,ATF2
UniProtKB:Q8NI60,COQ8A
UniProtKB:P03928,MT-ATP8
UniProtKB:P03923,MT-ND6
UniProtKB:P03915,MT-ND5
UniProtKB:P03905,MT-ND4
UniProtKB:Q5U5X0,LYRM7
UniProtKB:P03901,MT-ND4L
UniProtKB:P50747,HLCS
UniProtKB:P05091,ALDH2
UniProtKB:P05089,ARG1
UniProtKB:Q14296,FASTK
UniProtKB:Q9C002,NMES1
UniProtKB:Q6P2H3,CEP85
UniProtKB:Q6P2C0,WDR93
UniProtKB:Q9UNQ2,DIMT1
UniProtKB:P19419,ELK1
UniProtKB:P03897,MT-ND3
UniProtKB:P03891,MT-ND2
UniProtKB:P03886,MT-ND1
UniProtKB:Q4U2R6,MRPL51
UniProtKB:Q96LL9,DNAJC30
UniProtKB:Q9NR71,ASAH2
UniProtKB:Q9C0C7,AMBRA1
UniProtKB:P62072,TIMM10
UniProtKB:A8MTT3,CEBPZOS
UniProtKB:P45984,MAPK9
UniProtKB:P45983,MAPK8
UniProtKB:Q9H5Z6,FAM124B
UniProtKB:P30153,PPP2R1A
UniProtKB:P45954,ACADSB
UniProtKB:Q6ZN28,MACC1
UniProtKB:Q562E7,WDR81
UniProtKB:Q96LW7,CARD19
UniProtKB:R4GNA1,MINOS1-NBL1
UniProtKB:Q6P1L8,MRPL14
UniProtKB:Q14197,MRPL58
UniProtKB:Q14188,TFDP2
UniProtKB:Q14186,TFDP1
UniProtKB:Q02790,FKBP4
UniProtKB:Q5U4N7,GDF5OS
UniProtKB:Q14154,DELE1
UniProtKB:Q02750,MAP2K1
UniProtKB:O15229,KMO
UniProtKB:A0A087WWV3,A0A087WWV3
UniProtKB:Q9H6K4,OPA3
UniProtKB:P40337,VHL
UniProtKB:P35670,ATP7B
UniProtKB:Q09428,ABCC8
UniProtKB:Q5EBM0,CMPK2
UniProtKB:Q86SX6,GLRX5
UniProtKB:P40305,IFI27
UniProtKB:Q9NS37,CREBZF
UniProtKB:Q12981,BNIP1
UniProtKB:Q9H6R4,NOL6
UniProtKB:P35613,BSG
UniProtKB:Q9NS69,TOMM22
UniProtKB:P50583,NUDT2
UniProtKB:K7EMT4,K7EMT4
UniProtKB:Q86X76,NIT1
UniProtKB:Q8TCS8,PNPT1
UniProtKB:Q05823,RNASEL
UniProtKB:Q9Y3I1,FBXO7
UniProtKB:Q9HCL2,GPAM
UniProtKB:P11586,MTHFD1
UniProtKB:P16435,POR
UniProtKB:Q5S007,LRRK2
UniProtKB:Q8N1F1,LRRC75A-AS1
UniProtKB:Q9HD34,LYRM4
UniProtKB:P06401,PGR
UniProtKB:P21796,VDAC1
UniProtKB:Q5TEU4,NDUFAF5
UniProtKB:O75439,PMPCB
UniProtKB:Q6J4K2,SLC8B1
UniProtKB:P28482,MAPK1
UniProtKB:Q8N0X4,CLYBL
UniProtKB:P53007,SLC25A1
UniProtKB:P33121,ACSL1
UniProtKB:Q6YN16,HSDL2
UniProtKB:Q8N0V3,RBFA
UniProtKB:Q8N163,CCAR2
UniProtKB:Q8N159,NAGS
UniProtKB:Q8IXI1,RHOT2
UniProtKB:Q8N111,CEND1
UniProtKB:Q99643,SDHC
UniProtKB:P11498,PC
UniProtKB:Q8IXQ6,PARP9
UniProtKB:Q92754,TFAP2C
UniProtKB:P31947,SFN
UniProtKB:P31946,YWHAB
UniProtKB:P31944,CASP14
UniProtKB:Q99497,PARK7
UniProtKB:P31937,HIBADH
UniProtKB:P31930,UQCRC1
UniProtKB:P43304,GPD2
UniProtKB:Q8N4T8,CBR4
UniProtKB:Q7Z4Y8,ATP5MGL
UniProtKB:Q8N4Q1,CHCHD4
UniProtKB:Q9BYV7,BCO2
UniProtKB:Q7Z4T9,MAATS1
UniProtKB:Q2TB90,HKDC1
UniProtKB:Q8N4H5,TOMM5
UniProtKB:Q8N4E7,FTMT
UniProtKB:Q7Z4L0,COX8C
UniProtKB:A0A1W2PPQ1,A0A1W2PPQ1
UniProtKB:C9JRZ8,AKR1B15
UniProtKB:Q96A35,MRPL24
UniProtKB:O94913,PCF11
UniProtKB:Q96A46,SLC25A28
UniProtKB:O94925,GLS
UniProtKB:Q9BZJ4,SLC25A39
UniProtKB:O00746,NME4
UniProtKB:Q8N3Z3,GTPBP8
UniProtKB:Q8N490,PNKD
UniProtKB:Q86YB7,ECHDC2
UniProtKB:Q8N465,D2HGDH
UniProtKB:Q8N442,GUF1
UniProtKB:P08238,HSP90AB1
UniProtKB:Q8N413,SLC25A45
UniProtKB:Q10713,PMPCA
UniProtKB:P55061,TMBIM6
UniProtKB:Q9NUB1,ACSS1
UniProtKB:Q9H9B4,SFXN1
UniProtKB:P30405,PPIF
UniProtKB:Q9HA77,CARS2
UniProtKB:Q9BRQ8,AIFM2
UniProtKB:Q5FVE4,ACSBG2
UniProtKB:Q9BRT2,UQCC2
UniProtKB:Q9HA92,RSAD1
UniProtKB:Q09161,NCBP1
UniProtKB:O15528,CYP27B1
UniProtKB:Q9BS92,NIPSNAP3B
UniProtKB:P55851,UCP2
UniProtKB:O14746,TERT
UniProtKB:P55809,OXCT1
UniProtKB:P04083,ANXA1
UniProtKB:Q9NUT2,ABCB8
UniProtKB:P23919,DTYMK
UniProtKB:Q07973,CYP24A1
UniProtKB:P50213,IDH3A
UniProtKB:Q9BSK2,SLC25A33
UniProtKB:J3KRW8,J3KRW8
UniProtKB:A6NK58,LIPT2
UniProtKB:P13674,P4HA1
UniProtKB:A6NK06,ACOD1
UniProtKB:P55789,GFER
UniProtKB:Q02338,BDH1
UniProtKB:Q02318,CYP27A1
UniProtKB:O14684,PTGES
UniProtKB:O00571,DDX3X
UniProtKB:Q38SD2,LRRK1
UniProtKB:Q4G176,ACSF3
UniProtKB:Q96TA2,YME1L1
UniProtKB:Q9BW91,NUDT9
UniProtKB:Q4G0N4,NADK2
UniProtKB:P23560,BDNF
UniProtKB:Q7Z7K0,CMC1
UniProtKB:Q7Z7H8,MRPL10
UniProtKB:Q7Z7F7,MRPL55
UniProtKB:A6NFY7,SDHAF1
UniProtKB:Q9HCC0,MCCC2
UniProtKB:Q9P0U1,TOMM7
UniProtKB:Q2M3C7,SPHKAP
UniProtKB:Q9P0S9,TMEM14C
UniProtKB:P08574,CYC1
UniProtKB:P08559,PDHA1
UniProtKB:Q3KQZ1,SLC25A35
UniProtKB:Q9P0P8,C6orf203
UniProtKB:Q9BX68,HINT2
UniProtKB:B4DLN1,B4DLN1
UniProtKB:Q86WV6,TMEM173
UniProtKB:Q9P0M9,MRPL27
UniProtKB:Q9P0J6,MRPL36
UniProtKB:Q9P0J0,NDUFA13
UniProtKB:O00299,CLIC1
UniProtKB:P17612,PRKACA
UniProtKB:Q9UBM1,PEMT
UniProtKB:Q9UKA2,FBXL4
UniProtKB:O43847,NRDC
UniProtKB:O75390,CS
UniProtKB:O43837,IDH3B
UniProtKB:Q96I23,PYURF
UniProtKB:O43822,CFAP410
UniProtKB:O43819,SCO2
UniProtKB:Q9H1U9,SLC25A51
UniProtKB:P12081,HARS
UniProtKB:P12074,COX6A1
UniProtKB:Q9UJZ1,STOML2
UniProtKB:Q9H244,P2RY12
UniProtKB:Q96HJ9,FMC1
UniProtKB:P07384,CAPN1
UniProtKB:Q16595,FXN
UniProtKB:P39210,MPV17
UniProtKB:Q9UBZ4,APEX2
UniProtKB:Q9UJS0,SLC25A13
UniProtKB:O43521,BCL2L11
UniProtKB:O43524,FOXO3
UniProtKB:Q16548,BCL2A1
UniProtKB:Q16540,MRPL23
UniProtKB:Q9H1K4,SLC25A18
UniProtKB:Q96A26,FAM162A
UniProtKB:Q16539,MAPK14
UniProtKB:O43542,XRCC3
UniProtKB:Q16526,CRY1
UniProtKB:P42765,ACAA2
UniProtKB:Q9Y2C4,EXOG
UniProtKB:P49448,GLUD2
UniProtKB:P42704,LRPPRC
UniProtKB:P17568,NDUFB7
UniProtKB:P49419,ALDH7A1
UniProtKB:Q5JTJ3,COA6
UniProtKB:P49411,TUFM
UniProtKB:Q96H96,COQ2
UniProtKB:P00480,OTC
UniProtKB:P32322,PYCR1
UniProtKB:P00367,GLUD1
UniProtKB:Q9H019,MTFR1L
UniProtKB:Q9UHV9,PFDN2
UniProtKB:Q9H015,SLC22A4
UniProtKB:P00441,SOD1
UniProtKB:Q9UDX5,MTFP1
UniProtKB:Q5JRX3,PITRM1
UniProtKB:P00390,GSR
UniProtKB:O43708,GSTZ1
UniProtKB:Q5VUM1,SDHAF4
UniProtKB:O43716,GATC
UniProtKB:P00414,MT-CO3
UniProtKB:Q96BP2,CHCHD1
UniProtKB:P42575,CASP2
UniProtKB:Q96BR5,COA7
UniProtKB:Q96C36,PYCR2
UniProtKB:P30042,C21orf33
UniProtKB:Q9UI09,NDUFA12
UniProtKB:P07101,TH
UniProtKB:P49281,SLC11A2
UniProtKB:Q9UHN1,POLG2
UniProtKB:Q04917,YWHAH
UniProtKB:O95977,S1PR4
UniProtKB:Q9BSQ5,CCM2
UniProtKB:Q9UHK6,AMACR
UniProtKB:Q96C86,DCPS
UniProtKB:Q96BW9,TAMM41
UniProtKB:O75489,NDUFS3
UniProtKB:P0DJ07,PET100
UniProtKB:P37840,SNCA
UniProtKB:P22033,MUT
UniProtKB:Q96EY7,PTCD3
UniProtKB:O75616,ERAL1
UniProtKB:Q96EY1,DNAJA3
UniProtKB:P10636,MAPT
UniProtKB:P10635,CYP2D6
UniProtKB:O75460,ERN1
UniProtKB:Q8NHU6,TDRD7
UniProtKB:O95900,TRUB2
UniProtKB:O75438,NDUFB1
UniProtKB:P10606,COX5B
UniProtKB:O75431,MTX2
UniProtKB:P52789,HK2
UniProtKB:O43572,AKAP10
UniProtKB:O75414,NME6
UniProtKB:Q9Y5J9,TIMM8B
UniProtKB:P17302,GJA1
UniProtKB:P52758,RIDA
UniProtKB:P00403,MT-CO2
UniProtKB:Q5VTU8,ATP5EP2
UniProtKB:O43502,RAD51C
UniProtKB:P00395,MT-CO1
UniProtKB:Q9Y5U8,MPC1
UniProtKB:Q9UG63,ABCF2
UniProtKB:Q5HYI7,MTX3
UniProtKB:P47900,P2RY1
UniProtKB:Q9UG56,PISD
UniProtKB:Q9Y5T4,DNAJC15
UniProtKB:Q96E11,MRRF
UniProtKB:Q96DP5,MTFMT
UniProtKB:Q16134,ETFDH
UniProtKB:Q96DC8,ECHDC3
UniProtKB:P54098,POLG
UniProtKB:P30989,NTSR1
UniProtKB:Q9Y5P4,COL4A3BP
UniProtKB:Q96E52,OMA1
UniProtKB:Q9UFN0,NIPSNAP3A
UniProtKB:Q9Y606,PUS1
UniProtKB:P42345,MTOR
UniProtKB:Q96DU9,PABPC5
UniProtKB:Q9Y6C9,MTCH2
UniProtKB:Q6EMK4,VASN
UniProtKB:Q9UGC7,MTRF1L
UniProtKB:Q9Y5L4,TIMM13
UniProtKB:Q9Y5K5,UCHL5
UniProtKB:P17152,TMEM11
UniProtKB:P10415,BCL2
UniProtKB:Q5JPH6,EARS2
UniProtKB:Q06055,ATP5MC2
UniProtKB:Q96CU9,FOXRED1
UniProtKB:Q9UGM6,WARS2
UniProtKB:Q96EB6,SIRT1
UniProtKB:P47897,QARS
UniProtKB:O75251,NDUFS7
UniProtKB:Q9ULC5,ACSL5
UniProtKB:M0QYT0,M0QYT0
UniProtKB:E9PI62,E9PI62
UniProtKB:O75807,PPP1R15A
UniProtKB:O43920,NDUFS5
UniProtKB:Q06416,POU5F1B
UniProtKB:Q9H2U2,PPA2
UniProtKB:Q9H2U1,DHX36
UniProtKB:Q9NNW7,TXNRD2
UniProtKB:Q16698,DECR1
UniProtKB:Q16678,CYP1B1
UniProtKB:O43402,EMC8
UniProtKB:P54296,MYOM2
UniProtKB:Q16654,PDK4
UniProtKB:Q9H2K0,MTIF3
UniProtKB:Q16635,TAZ
UniProtKB:Q9UL12,SARDH
UniProtKB:P54252,ATXN3
UniProtKB:Q16611,BAK1
UniProtKB:O43464,HTRA2
UniProtKB:P22392,NME2
UniProtKB:Q9UKL3,CASP8AP2
UniProtKB:Q9H2D1,SLC25A32
UniProtKB:Q9UBF8,PI4KB
UniProtKB:Q96HY7,DHTKD1
UniProtKB:Q96I99,SUCLG2
UniProtKB:P22314,UBA1
UniProtKB:P32248,CCR7
UniProtKB:P00387,CYB5R3
UniProtKB:Q96EL3,MRPL53
UniProtKB:Q96EL2,MRPS24
UniProtKB:P00374,DHFR
UniProtKB:Q96EK5,KIF1BP
UniProtKB:P07098,LIPF
UniProtKB:Q9Y4W6,AFG3L2
UniProtKB:O14957,UQCR11
UniProtKB:Q96EH3,MALSU1
UniProtKB:P62987,UBA52
UniProtKB:O43823,AKAP8
UniProtKB:Q04837,SSBP1
UniProtKB:Q9Y6N5,SQOR
UniProtKB:O95865,DDAH2
UniProtKB:O75394,MRPL33
UniProtKB:O75385,ULK1
UniProtKB:O75380,NDUFS6
UniProtKB:O95847,SLC25A27
UniProtKB:Q9Y6J8,STYXL1
UniProtKB:O95831,AIFM1
UniProtKB:O95822,MLYCD
UniProtKB:Q5XKP0,MIC13
UniProtKB:Q9Y6H1,CHCHD2
UniProtKB:P17252,PRKCA
UniProtKB:Q9Y6G3,MRPL42
UniProtKB:P10515,DLAT
UniProtKB:O75324,SNN
UniProtKB:O75323,NIPSNAP2
UniProtKB:Q96DA6,DNAJC19
UniProtKB:O75306,NDUFS2
UniProtKB:P49406,MRPL19
UniProtKB:Q96GW9,MARS2
UniProtKB:O75648,TRMU
UniProtKB:P17540,CKMT2
UniProtKB:Q96H78,SLC25A44
UniProtKB:P10809,HSPD1
UniProtKB:O43766,LIAS
UniProtKB:O75600,GCAT
UniProtKB:Q9UJA2,CRLS1
UniProtKB:O43715,TRIAP1
UniProtKB:A1A4Y4,IRGM
UniProtKB:Q9H0U6,MRPL18
UniProtKB:Q9H0R8,GABARAPL1
UniProtKB:Q9H0R6,QRSL1
UniProtKB:P32418,SLC8A1
UniProtKB:Q96PG8,BBC3
UniProtKB:Q9Y2Z9,COQ6
UniProtKB:P00519,ABL1
UniProtKB:Q96GE9,DMAC1
UniProtKB:Q5TYM5,FAM72A
UniProtKB:P00505,GOT2
UniProtKB:P27469,G0S2
UniProtKB:Q9H9P8,L2HGDH
UniProtKB:Q96GC5,MRPL48
UniProtKB:P07203,GPX1
UniProtKB:Q9Y3B1,PRELID3B
UniProtKB:O43674,NDUFB5
UniProtKB:Q9Y3B7,MRPL11
UniProtKB:O43678,NDUFA2
UniProtKB:Q96B77,TMEM186
UniProtKB:Q9Y3D3,MRPS16
UniProtKB:Q9Y3D6,FIS1
UniProtKB:Q9Y3D7,PAM16
UniProtKB:Q9Y3D9,MRPS23
UniProtKB:Q9H0E9,BRD8
UniProtKB:Q9Y3E5,PTRH2
UniProtKB:Q9UIJ7,AK3
UniProtKB:Q9NYJ1,COA4
UniProtKB:Q9BVS5,TRMT61B
UniProtKB:Q96SZ6,CDK5RAP1
UniProtKB:Q9P286,PAK5
UniProtKB:P09669,COX6C
UniProtKB:P14317,HCLS1
UniProtKB:Q96T66,NMNAT3
UniProtKB:Q96T60,PNKP
UniProtKB:Q68CZ6,HAUS3
UniProtKB:P09622,DLD
UniProtKB:Q96T21,SECISBP2
UniProtKB:P27105,STOM
UniProtKB:O15382,BCAT2
UniProtKB:Q5T653,MRPL2
UniProtKB:P60484,PTEN
UniProtKB:Q6KCM7,SLC25A25
UniProtKB:O15350,TP73
UniProtKB:Q13286,CLN3
UniProtKB:P24539,ATP5PB
UniProtKB:Q13268,DHRS2
UniProtKB:P04049,RAF1
UniProtKB:P04040,CAT
UniProtKB:Q01860,POU5F1
UniProtKB:P19838,NFKB1
UniProtKB:Q68CK6,ACSM2B
UniProtKB:Q13227,GPS2
UniProtKB:Q01831,XPC
UniProtKB:P46199,MTIF2
UniProtKB:Q6PI48,DARS2
UniProtKB:Q6ZT89,SLC25A48
UniProtKB:P14618,PKM
UniProtKB:Q9BYG8,GSDMC
UniProtKB:P09912,IFI6
UniProtKB:Q96I51,RCC1L
UniProtKB:Q9BYD6,MRPL1
UniProtKB:Q9BYD3,MRPL4
UniProtKB:Q9BYD2,MRPL9
UniProtKB:Q9BYD1,MRPL13
UniProtKB:Q9BYC9,MRPL20
UniProtKB:Q9BYC8,MRPL32
UniProtKB:Q9BYC2,OXCT2
UniProtKB:Q8N5K1,CISD2
UniProtKB:Q13546,RIPK1
UniProtKB:Q13526,PIN1
UniProtKB:Q9BXW7,CECR5
UniProtKB:Q13501,SQSTM1
UniProtKB:Q9P015,MRPL15
UniProtKB:Q9BXR0,QTRT1
UniProtKB:Q9P035,HACD3
UniProtKB:Q9BXM7,PINK1
UniProtKB:P09874,PARP1
UniProtKB:Q9BXK5,BCL2L13
UniProtKB:Q9BXI2,SLC25A2
UniProtKB:Q5T890,ERCC6L2
UniProtKB:A0A0U1RQE8,GLYATL1B
UniProtKB:P49841,GSK3B
UniProtKB:P49840,GSK3A
UniProtKB:P29372,MPG
UniProtKB:P49821,NDUFV1
UniProtKB:P29353,SHC1
UniProtKB:Q32NB8,PGS1
UniProtKB:O60239,SH3BP5
UniProtKB:O60238,BNIP3L
UniProtKB:P17931,LGALS3
UniProtKB:O60220,TIMM8A
UniProtKB:O60218,AKR1B10
UniProtKB:P25874,UCP1
UniProtKB:Q96KR6,FAM210B
UniProtKB:Q7Z713,ANKRD37
UniProtKB:Q96KQ4,PPP1R13B
UniProtKB:Q9H596,DUSP21
UniProtKB:Q9H583,HEATR1
UniProtKB:Q06609,RAD51
UniProtKB:Q9NQ88,TIGAR
UniProtKB:P19099,CYP11B2
UniProtKB:P00973,OAS1
UniProtKB:Q9UMY1,NOL7
UniProtKB:P86397,HTD2
UniProtKB:P00966,ASS1
UniProtKB:Q9UMX3,BOK
UniProtKB:Q96KJ9,COX4I2
UniProtKB:Q01094,E2F1
UniProtKB:Q9NQ50,MRPL40
UniProtKB:Q16891,IMMT
UniProtKB:Q16881,TXNRD1
UniProtKB:Q9UMS0,NFU1
UniProtKB:Q16854,DGUOK
UniProtKB:O43236,4-Sep
UniProtKB:Q9H4K7,MTG2
UniProtKB:Q16836,HADH
UniProtKB:Q96KC9,CABS1
UniProtKB:Q16822,PCK2
UniProtKB:P49792,RANBP2
UniProtKB:P49789,FHIT
UniProtKB:O43272,PRODH
UniProtKB:P17482,HOXB9
UniProtKB:Q5K4L6,SLC27A3
UniProtKB:Q9H0C2,SLC25A31
UniProtKB:Q9UII2,ATP5IF1
UniProtKB:P10746,UROS
UniProtKB:O75570,MTRF1
UniProtKB:Q9H0B6,KLC2
UniProtKB:Q9H0B3,IQCN
UniProtKB:O75521,ECI2
UniProtKB:Q9UIF7,MUTYH
UniProtKB:O43677,NDUFC1
UniProtKB:O43676,NDUFB3
UniProtKB:P52888,THOP1
UniProtKB:Q9Y3M8,STARD13
UniProtKB:Q76B58,BRINP3
UniProtKB:Q06124,PTPN11
UniProtKB:O43615,TIMM44
UniProtKB:Q9H078,CLPB
UniProtKB:Q96BF6,NACC2
UniProtKB:Q6UB35,MTHFD1L
UniProtKB:P27695,APEX1
UniProtKB:P52815,MRPL12
UniProtKB:Q6UB28,METAP1D
UniProtKB:Q9H061,TMEM126A
UniProtKB:P01148,GNRH1
UniProtKB:P28331,NDUFS1
UniProtKB:P28330,ACADL
UniProtKB:P01116,KRAS
UniProtKB:Q99527,GPER1
UniProtKB:Q99536,VAT1
UniProtKB:Q99551,MTERF1
UniProtKB:Q92833,JARID2
UniProtKB:Q8WYQ3,CHCHD10
UniProtKB:Q92843,BCL2L2
UniProtKB:Q6UX06,OLFM4
UniProtKB:Q99595,TIMM17A
UniProtKB:Q92876,KLK6
UniProtKB:P11310,ACADM
UniProtKB:Q15842,KCNJ8
UniProtKB:Q9Y512,SAMM50
UniProtKB:Q00005,PPP2R2B
UniProtKB:P28288,ABCD3
UniProtKB:P21554,CNR1
UniProtKB:P21549,AGXT
UniProtKB:P48735,IDH2
UniProtKB:Q7L592,NDUFAF7
UniProtKB:A8K5M9,C15orf62
UniProtKB:P48728,AMT
UniProtKB:P06493,CDK1
UniProtKB:Q8WVM0,TFB1M
UniProtKB:Q3ZCV2,LEXM
UniProtKB:Q7L311,ARMCX2
UniProtKB:Q5HYK3,COQ5
UniProtKB:Q9Y676,MRPS18B
UniProtKB:H0YIV9,H0YIV9
UniProtKB:Q6PI78,TMEM65
UniProtKB:Q9Y696,CLIC4
UniProtKB:Q9Y697,NFS1
UniProtKB:Q9Y5Y0,FLVCR1
UniProtKB:Q99807,COQ7
UniProtKB:Q9Y5Z4,HEBP2
UniProtKB:Q9Y5Z9,UBIAD1
UniProtKB:P43251,BTD
UniProtKB:P11021,HSPA5
UniProtKB:Q7L2E3,DHX30
UniProtKB:Q53FZ2,ACSM3
UniProtKB:Q96E29,MTERF3
UniProtKB:Q8WWC4,MAIP1
UniProtKB:Q15526,SURF1
UniProtKB:Q96DT0,LGALS12
UniProtKB:Q8WWH5,TRUB1
UniProtKB:Q6FI81,CIAPIN1
UniProtKB:Q96DV4,MRPL38
UniProtKB:Q9Y6E7,SIRT4
UniProtKB:Q96DW6,SLC25A38
UniProtKB:Q99798,ACO2
UniProtKB:Q99797,MIPEP
UniProtKB:Q8WV93,AFG1L
UniProtKB:Q96DX5,ASB9
UniProtKB:P51970,NDUFA8
UniProtKB:Q9Y6G1,TMEM14A
UniProtKB:Q99766,ATP5S
UniProtKB:Q8WV60,PTCD2
UniProtKB:Q8WUT9,SLC25A43
UniProtKB:Q99757,TXN2
UniProtKB:Q99747,NAPG
UniProtKB:Q9Y6H3,ATP23
UniProtKB:Q99714,HSD17B10
UniProtKB:Q7L3V2,RTL10
UniProtKB:A2RU49,HYKK
UniProtKB:Q15303,ERBB4
UniProtKB:O00483,NDUFA4
UniProtKB:Q6UWS5,PET117
UniProtKB:P36873,PPP1CC
UniProtKB:Q3SY69,ALDH1L2
UniProtKB:Q6YFQ2,COX6B2
UniProtKB:Q8IYU8,MICU2
UniProtKB:Q8TEY5,CREB3L4
UniProtKB:O00429,DNM1L
UniProtKB:Q8IZ52,CHPF
UniProtKB:O00411,POLRMT
UniProtKB:P48200,IREB2
UniProtKB:Q6NZI2,CAVIN1
UniProtKB:O00408,PDE2A
UniProtKB:Q3SY17,SLC25A52
UniProtKB:P63172,DYNLT1
UniProtKB:P63167,DYNLL1
UniProtKB:P53779,MAPK10
UniProtKB:Q3SXM5,HSDL1
UniProtKB:Q8TF08,COX7B2
UniProtKB:Q8IYJ2,C10orf67
UniProtKB:P63104,YWHAZ
UniProtKB:Q86YN6,PPARGC1B
UniProtKB:O96011,PEX11B
UniProtKB:P61981,YWHAG
UniProtKB:Q8IYB8,SUPV3L1
UniProtKB:O96008,TOMM40
UniProtKB:Q9UQ90,SPG7
UniProtKB:Q86YH6,PDSS2
UniProtKB:Q6UW78,UQCC3
UniProtKB:P48163,ME1
UniProtKB:Q7L4S7,ARMCX6
UniProtKB:P11177,PDHB
UniProtKB:P62979,RPS27A
UniProtKB:Q8WY54,PPM1E
UniProtKB:Q9Y584,TIMM22
UniProtKB:Q92934,BAD
UniProtKB:Q8WY22,BRI3BP
UniProtKB:P43155,CRAT
UniProtKB:Q92947,GCDH
UniProtKB:P31749,AKT1
UniProtKB:Q96CM3,RPUSD4
UniProtKB:O76095,JTB
UniProtKB:P06576,ATP5F1B
UniProtKB:Q15785,TOMM34
UniProtKB:Q7L4E1,MIGA2
UniProtKB:Q8WXH0,SYNE2
UniProtKB:O76031,CLPX
UniProtKB:Q8WXG1,RSAD2
UniProtKB:Q96CQ1,SLC25A36
UniProtKB:P53370,NUDT6
UniProtKB:P10620,MGST1
UniProtKB:P41970,ELK3
UniProtKB:P00846,MT-ATP6
UniProtKB:P14635,CCNB1
UniProtKB:P20674,COX5A
UniProtKB:P34897,SHMT2
UniProtKB:P38117,ETFB
UniProtKB:Q96D53,COQ8B
UniProtKB:Q5TC12,ATPAF1
UniProtKB:Q5RI15,COX20
UniProtKB:P31415,CASQ1
UniProtKB:Q8WUK0,PTPMT1
UniProtKB:Q9Y6M9,NDUFB9
UniProtKB:Q9Y6N1,COX11
UniProtKB:P06241,FYN
UniProtKB:Q6UXV4,APOOL
UniProtKB:Q8IZY5,BLID
UniProtKB:P36969,GPX4
UniProtKB:P36957,DLST
UniProtKB:Q7L0Y3,TRMT10C
UniProtKB:Q6UXN7,TOMM20L
UniProtKB:P0DKB6,MPC1L
UniProtKB:Q8WTZ4,CA5BP1
UniProtKB:Q05195,MXD1
UniProtKB:Q9UH62,ARMCX3
UniProtKB:Q00059,TFAM
UniProtKB:Q15831,STK11
UniProtKB:Q8WTT2,NOC3L
UniProtKB:P63244,RACK1
UniProtKB:Q99623,PHB2
UniProtKB:Q8IZJ6,TDH
UniProtKB:O00330,PDHX
UniProtKB:O94826,TOMM70
UniProtKB:P16260,SLC25A16
UniProtKB:Q9UI43,MRM2
UniProtKB:Q99490,AGAP2
UniProtKB:Q8IXQ9,ETFBKMT
UniProtKB:P51687,SUOX
UniProtKB:P16220,CREB1
UniProtKB:P16219,ACADS
UniProtKB:Q92731,ESR2
UniProtKB:P04818,TYMS
UniProtKB:Q8IXM3,MRPL41
UniProtKB:P51649,ALDH5A1
UniProtKB:Q8IXL7,MSRB3
UniProtKB:Q86Y39,NDUFA11
UniProtKB:Q8IXJ6,SIRT2
UniProtKB:Q99417,MYCBP
UniProtKB:P08253,MMP2
UniProtKB:Q8IXI2,RHOT1
UniProtKB:P51608,MECP2
UniProtKB:Q86Y07,VRK2
UniProtKB:A2AJT9,BCLAF3
UniProtKB:O95363,FARS2
UniProtKB:Q8N183,NDUFAF2
UniProtKB:P26440,IVD
UniProtKB:Q8N0X7,SPART
UniProtKB:P26439,HSD3B2
UniProtKB:Q15165,PON2
UniProtKB:P55084,HADHB
UniProtKB:Q86XF0,DHFR2
UniProtKB:Q86XE5,HOGA1
UniProtKB:Q86XE3,MICU3
UniProtKB:Q15120,PDK3
UniProtKB:Q8TDB4,MGARP
UniProtKB:Q15119,PDK2
UniProtKB:Q15118,PDK1
UniProtKB:Q7L3T8,PARS2
UniProtKB:Q8WWV3,RTN4IP1
UniProtKB:Q99972,MYOC
UniProtKB:Q8NFV4,ABHD11
UniProtKB:P31689,DNAJA1
UniProtKB:P11182,DBT
UniProtKB:Q9Y5J6,TIMM10B
UniProtKB:Q9Y5J7,TIMM9
UniProtKB:O43772,SLC25A20
UniProtKB:Q8WWI5,SLC44A1
UniProtKB:Q08AH3,ACSM2A
UniProtKB:Q08AH1,ACSM1
UniProtKB:Q9Y619,SLC25A15
UniProtKB:P21399,ACO1
UniProtKB:P21397,MAOA
UniProtKB:Q53H82,LACTB2
UniProtKB:O00763,ACACB
UniProtKB:Q9Y5R4,HEMK1
UniProtKB:A0A1W2PS29,A0A1W2PS29
UniProtKB:Q5TAQ9,DCAF8
UniProtKB:O00743,PPP6C
UniProtKB:Q53H12,AGK
UniProtKB:Q2QL34,MPV17L
UniProtKB:P04798,CYP1A1
UniProtKB:Q09013,DMPK
UniProtKB:P35232,PHB
UniProtKB:Q9NVS2,MRPS18A
UniProtKB:P35218,CA5A
UniProtKB:O96000,NDUFB10
UniProtKB:Q07820,MCL1
UniProtKB:Q07817,BCL2L1
UniProtKB:Q07812,BAX
UniProtKB:P14406,COX7A2
UniProtKB:Q02252,ALDH6A1
UniProtKB:Q18PE1,DOK7
UniProtKB:Q12931,TRAP1
UniProtKB:Q6P161,MRPL54
UniProtKB:P15104,GLUL
UniProtKB:Q96N28,PRELID3A
UniProtKB:P30086,PEBP1
UniProtKB:P30084,ECHS1
UniProtKB:P45880,VDAC2
UniProtKB:Q12906,ILF3
UniProtKB:A0A0B4J2D5,GATD3B
UniProtKB:P30049,ATP5F1D
UniProtKB:P30048,PRDX3
UniProtKB:P30044,PRDX5
UniProtKB:P13995,MTHFD2
UniProtKB:P45844,ABCG1
UniProtKB:P30038,ALDH4A1
UniProtKB:P56134,ATP5MF
UniProtKB:P25325,MPST
UniProtKB:Q63ZY3,KANK2
UniProtKB:Q9H7H0,METTL17
UniProtKB:Q9NSK7,C19orf12
UniProtKB:Q9BQ95,ECSIT
UniProtKB:O14983,ATP2A1
UniProtKB:O94763,URI1
UniProtKB:Q9HCU8,POLD4
UniProtKB:Q8IWW8,ADHFE1
UniProtKB:P48047,ATP5PO
UniProtKB:P36639,NUDT1
UniProtKB:Q9HD36,BCL2L10
UniProtKB:Q92686,NRGN
UniProtKB:Q9HD23,MRS2
UniProtKB:O00217,NDUFS8
UniProtKB:Q8WU03,GLYATL2
UniProtKB:P26678,PLN
UniProtKB:P31327,CPS1
UniProtKB:Q15398,DLGAP5
UniProtKB:Q15390,MTFR1
UniProtKB:Q15388,TOMM20
UniProtKB:Q96F15,GIMAP5
UniProtKB:P0CJ72,MTRNR2L5
UniProtKB:P38646,HSPA9
UniProtKB:Q96ST8,CEP89
UniProtKB:A0A0A6YYL1,ST20-MTHFS
UniProtKB:P53597,SUCLG1
UniProtKB:Q8TEB9,RHBDD1
UniProtKB:Q15916,ZBTB6
UniProtKB:Q8NER1,TRPV1
UniProtKB:Q7L5Y1,ENOSF1
UniProtKB:Q9BV79,MECR
UniProtKB:Q9BUR5,APOO
UniProtKB:Q5BKY1,LRRC10
UniProtKB:Q6ZSR3,Q6ZSR3
UniProtKB:Q9BV23,ABHD6
UniProtKB:Q9ULZ2,STAP1
UniProtKB:Q9BUP0,EFHD1
UniProtKB:Q8N983,MRPL43
UniProtKB:H3BUX3,H3BUX3
UniProtKB:O60936,NOL3
UniProtKB:Q9NXA8,SIRT5
UniProtKB:Q9BXF6,RAB11FIP5
UniProtKB:Q5SVS4,SLC25A30
UniProtKB:P24752,ACAT1
UniProtKB:O15527,OGG1
UniProtKB:Q6IN84,MRM1
UniProtKB:Q13472,TOP3A
UniProtKB:Q7Z434,MAVS
UniProtKB:Q8N3J5,PPM1K
UniProtKB:Q7Z419,RNF144B
UniProtKB:P11766,ADH5
UniProtKB:Q5TGZ0,MINOS1
UniProtKB:P51398,DAP3
UniProtKB:Q86UV5,USP48
UniProtKB:Q9BZY9,TRIM31
UniProtKB:Q6IPR1,ETFRF1
UniProtKB:Q8TB37,NUBPL
UniProtKB:Q8TB36,GDAP1
UniProtKB:P78549,NTHL1
UniProtKB:Q86UT6,NLRX1
UniProtKB:P78540,ARG2
UniProtKB:P78537,BLOC1S1
UniProtKB:Q8N3R3,TCAIM
ComplexPortal:CPX-369,rrm1-rrm2b_human
ComplexPortal:CPX-298,bclxl_human dimer
ComplexPortal:CPX-3642,coq-synthome_human
UniProtKB:Q6P5X7,TMEM71
UniProtKB:Q8NCD3,HJURP
UniProtKB:Q9Y277,VDAC3
UniProtKB:Q9Y276,BCS1L
UniProtKB:P82933,MRPS9
UniProtKB:P82932,MRPS6
UniProtKB:P82930,MRPS34
UniProtKB:Q9Y255,PRELID1
UniProtKB:P82921,MRPS21
UniProtKB:P82914,MRPS15
UniProtKB:P82912,MRPS11
UniProtKB:Q9Y241,HIGD1A
UniProtKB:P82909,MRPS36
UniProtKB:P49753,ACOT2
UniProtKB:Q9NPH0,ACP6
UniProtKB:P22557,ALAS2
UniProtKB:P49748,ACADVL
UniProtKB:P10109,FDX1
UniProtKB:Q9NPG2,NGB
UniProtKB:P17655,CAPN2
UniProtKB:P22307,SCP2
UniProtKB:O75746,SLC25A12
UniProtKB:P10909,CLU
UniProtKB:Q96I59,NARS2
UniProtKB:Q8NEN9,PDZD8
UniProtKB:P20592,MX2
UniProtKB:P20591,MX1
UniProtKB:Q96C03,MIEF2
UniProtKB:Q9NRY6,PLSCR3
UniProtKB:Q9H773,DCTPP1
UniProtKB:Q9NRX3,NDUFA4L2
UniProtKB:Q9NRX2,MRPL17
UniProtKB:Q9H6R3,ACSS3
UniProtKB:P39748,FEN1
UniProtKB:P32189,GK
UniProtKB:P47985,UQCRFS1
UniProtKB:O43427,FIBP
UniProtKB:Q5VT66,1-Mar
UniProtKB:Q9Y237,PIN4
UniProtKB:Q9Y234,LIPT1
UniProtKB:Q96I36,COX14
UniProtKB:Q96HS1,PGAM5
UniProtKB:Q49B96,COX19
UniProtKB:P30536,TSPO
UniProtKB:P57729,RAB38
UniProtKB:Q8NBX0,SCCPDH
UniProtKB:Q14596,NBR1
UniProtKB:Q8NC60,NOA1
UniProtKB:P0DP25,CALM3
UniProtKB:Q9BW72,HIGD2A
UniProtKB:Q6IB77,GLYAT
UniProtKB:P40763,STAT3
UniProtKB:Q49AM1,MTERF2
UniProtKB:Q8NBN7,RDH13
UniProtKB:Q9UL15,BAG5
UniProtKB:Q9BW92,TARS2
UniProtKB:Q9UKQ2,ADAM28
UniProtKB:Q9H300,PARL
UniProtKB:Q9UKU0,ACSL6
UniProtKB:Q9UKU7,ACAD8
UniProtKB:Q96IL0,APOPT1
UniProtKB:P15538,CYP11B1
UniProtKB:P15531,NME1
UniProtKB:Q6P587,FAHD1
UniProtKB:Q9H2V7,SPNS1
UniProtKB:Q9H2X8,IFI27L2
UniProtKB:O95299,NDUFA10
UniProtKB:O95298,NDUFC2
UniProtKB:Q6JQN1,ACAD10
UniProtKB:Q9UHQ9,CYB5R1
UniProtKB:Q9UI32,GLS2
UniProtKB:Q8NEJ9,NGDN
UniProtKB:Q8NEJ0,DUSP18
UniProtKB:Q96BM0,IFI27L1
UniProtKB:Q9BUK6,MSTO1
UniProtKB:P59103,DAOA
UniProtKB:P47712,PLA2G4A
UniProtKB:P49590,HARS2
UniProtKB:Q9UDW1,UQCR10
UniProtKB:Q96BI3,APH1A
UniProtKB:P15848,ARSB
UniProtKB:P54257,HAP1
UniProtKB:P15822,HIVEP1
UniProtKB:A0A096LPI6,A0A096LPI6
UniProtKB:Q9UDR5,AASS
UniProtKB:O95573,ACSL3
UniProtKB:O95571,ETHE1
UniProtKB:P42126,ECI1
UniProtKB:O95563,MPC2
UniProtKB:O75094,SLIT3
UniProtKB:Q96FX8,PERP
UniProtKB:P17735,TAT
UniProtKB:Q8NE86,MCU
UniProtKB:Q14790,CASP8
UniProtKB:Q8NE62,CHDH
UniProtKB:O75052,NOS1AP
UniProtKB:Q92506,HSD17B8
UniProtKB:O75027,ABCB7
UniProtKB:Q9Y3E2,BOLA1
UniProtKB:O43169,CYB5B
UniProtKB:Q9Y3D5,MRPS18C
UniProtKB:Q9Y3D2,MSRB2
UniProtKB:O60296,TRAK2
UniProtKB:Q96AQ8,MCUR1
UniProtKB:Q9Y3A0,COQ4
UniProtKB:P0DMV9,HSPA1B
UniProtKB:A0A096LP55,UQCRHL
UniProtKB:P40939,HADHA
UniProtKB:Q567V2,MPV17L2
UniProtKB:Q96AN5,TMEM143
UniProtKB:P59047,NLRP5
UniProtKB:P52306,RAP1GDS1
UniProtKB:I3L0E3,hCG_1984214
UniProtKB:Q9Y2Z4,YARS2
UniProtKB:Q9Y2Z2,MTO1
UniProtKB:Q9UJ68,MSRA
UniProtKB:Q9Y2Y0,ARL2BP
UniProtKB:P27144,AK4
UniProtKB:Q9Y2W6,TDRKH
UniProtKB:Q96AG4,LRRC59
UniProtKB:Q96AG3,SLC25A46
UniProtKB:Q9Y375,NDUFAF1
UniProtKB:P0C7P0,CISD3
UniProtKB:Q9Y371,SH3GLB1
UniProtKB:Q96CM8,ACSF2
UniProtKB:Q9NX09,DDIT4
UniProtKB:P27361,MAPK3
UniProtKB:P00167,CYB5A
UniProtKB:P00156,MT-CYB
UniProtKB:Q8NFF5,FLAD1
UniProtKB:P15954,COX7C
UniProtKB:P27338,MAOB
UniProtKB:Q9NWQ9,C14orf119
UniProtKB:Q9Y572,RIPK3
UniProtKB:Q9NX46,ADPRHL2
UniProtKB:Q00G26,PLIN5
UniProtKB:Q9UF12,PRODH2
UniProtKB:P0C0E4,RAB40AL
UniProtKB:P10398,ARAF
UniProtKB:O95674,CDS2
UniProtKB:Q96EY8,MMAB
UniProtKB:Q14894,CRYM
UniProtKB:Q9NWX6,THG1L
UniProtKB:Q8NF64,ZMIZ2
UniProtKB:O75146,HIP1R
UniProtKB:O75143,ATG13
UniProtKB:Q6QNY1,BLOC1S2
UniProtKB:Q9Y4E8,USP15
UniProtKB:O75127,PTCD1
UniProtKB:Q14849,STARD3
UniProtKB:O75964,ATP5MG
UniProtKB:Q9Y2S7,POLDIP2
UniProtKB:Q9Y2R9,MRPS7
UniProtKB:Q9Y2R5,MRPS17
UniProtKB:Q9Y2R0,COA3
UniProtKB:Q9Y2Q9,MRPS28
UniProtKB:Q96H55,MYO19
UniProtKB:Q9Y305,ACOT9
UniProtKB:Q9Y2N7,HIF3A
UniProtKB:P10176,COX8A
UniProtKB:P30626,SRI
UniProtKB:O60313,OPA1
UniProtKB:P05496,ATP5MC1
UniProtKB:P99999,CYCS
UniProtKB:Q8NCW5,NAXE
UniProtKB:P10144,GZMB
UniProtKB:Q14693,LPIN1
UniProtKB:O60333,KIF1B
UniProtKB:Q8ND71,GIMAP8
UniProtKB:Q8NCU8,MTLN
UniProtKB:Q96A70,AZIN2
UniProtKB:Q14654,KCNJ11
UniProtKB:Q9Y2D0,CA5B
UniProtKB:Q5JTZ9,AARS2
UniProtKB:P22570,FDXR
UniProtKB:Q8NCN5,PDPR
UniProtKB:E7ENQ6,E7ENQ6
UniProtKB:Q9H1K1,ISCU
UniProtKB:Q9UK32,RPS6KA6
UniProtKB:P49768,PSEN1
UniProtKB:Q9UBY8,CLN8
UniProtKB:Q9UBX3,SLC25A10
UniProtKB:Q9Y291,MRPS33
UniProtKB:Q9UI17,DMGDH
UniProtKB:Q9ULC8,ZDHHC8
UniProtKB:O95258,SLC25A14
UniProtKB:Q8NB90,SPATA5
UniProtKB:P30419,NMT1
UniProtKB:P30414,NKTR
UniProtKB:Q9H3D4,TP63
UniProtKB:O95202,LETM1
UniProtKB:O95201,ZNF205
UniProtKB:P25713,MT3
UniProtKB:Q6P4H8,FAM173B
UniProtKB:Q14457,BECN1
UniProtKB:P25705,ATP5F1A
UniProtKB:Q6P4F2,FDX2
UniProtKB:Q14410,GK2
UniProtKB:P49916,LIG3
UniProtKB:Q8NAN2,MIGA1
UniProtKB:Q9H3J6,C12orf65
UniProtKB:Q14409,GK3P
UniProtKB:Q6P4A7,SFXN4
UniProtKB:Q9NP58,ABCB6
UniProtKB:P35914,HMGCL
UniProtKB:Q9ULX9,MAFF
UniProtKB:Q9NP81,SARS2
UniProtKB:Q9ULZ3,PYCARD
UniProtKB:Q9NP92,MRPS30
UniProtKB:P62258,YWHAE
UniProtKB:P09001,MRPL3
UniProtKB:Q6P461,ACSM6
UniProtKB:Q6P444,MTFR2
UniProtKB:O95182,NDUFA7
UniProtKB:O95178,NDUFB2
UniProtKB:O95169,NDUFB8
UniProtKB:O95168,NDUFB4
UniProtKB:O95167,NDUFA3
UniProtKB:O95153,TSPOAP1
UniProtKB:F5H5T6,F5H5T6
ComplexPortal:CPX-3073,kcne2-kcnh2_human
UniProtKB:P0C7T3,OR56A5
UniProtKB:Q8NGH8,OR56A4
UniProtKB:Q8NGH5,OR56A1
UniProtKB:Q8NG75,OR5T1
UniProtKB:Q8NGS4,OR13F1
UniProtKB:O75534,CSDE1
UniProtKB:Q9BRX2,PELO
UniProtKB:Q9ULM6,CNOT6
UniProtKB:P21917,DRD4
UniProtKB:P35462,DRD3
UniProtKB:P14416,DRD2